Pin Name,IO Type,Function2,Function3,Function4,Function5,Function6,Function7,Function8,Function9,Function10,Function14
GPADC0-2/PA0,I/O,CSI-SM-VS,PWM0-5,,,CLK-FANOUT0,,,,,PA-EINT0
PA1,I/O,MIPI-CSI-MCLK0,TWI1-SCK,TWI0-SCK,UART1-CTS,PWM0-10,,,,,PA-EINT1
PA2,I/O,MIPI-CSI-MCLK1,TWI1-SDA,TWI0-SDA,UART1-RTS,PWM0-11,,,,,PA-EINT2
GPADC0-3/PA3,I/O,CSI-SM-VS,PWM0-6,TWI0-SCK,UART1-TX,CLK-FANOUT0,,,,,PA-EINT3
PA4,I/O,CSI-SM-HS,PWM0-7,TWI0-SDA,UART1-RX,CLK-FANOUT1,,,,,PA-EINT4
PA5,I/O,MIPIA-CSI-CK0N,UART2-CTS,PWM0-8,UART3-TX,TWI1-SCK,SPI2-CS0,,,,PA-EINT5
PA6,I/O,MIPIA-CSI-CK0P,UART2-RTS,PWM0-9,UART3-RX,TWI1-SDA,SPI2-CLK,,,,PA-EINT6
PA7,I/O,MIPIA-CSI-D0N,UART2-TX,UART1-TX,PWM0-0,TWI0-SCK,SPI2-MOSI,,,,PA-EINT7
PA8,I/O,MIPIA-CSI-D0P,UART2-RX,UART1-RX,PWM0-1,TWI0-SDA,SPI2-MISO,,,,PA-EINT8
PA9,I/O,MIPIA-CSI-D1N/MIPIB-CSI-D0N,TWI0-SCK,TWI1-SCK,PWM0-2,UART3-CTS,SPI2-HOLD,,,,PA-EINT9
PA10,I/O,MIPIA-CSI-D1P/MIPIB-CSI-D0P,TWI0-SDA,TWI1-SDA,PWM0-3,UART3-RTS,SPI2-WP,,,,PA-EINT10
PA11,I/O,MIPIB-CSI-CK0N,TWI1-SCK,TWI0-SCK,PWM0-4,UART3-TX,,,,,PA-EINT11
PA12,I/O,MIPIB-CSI-CK0P,TWI1-SDA,TWI0-SDA,PWM0-5,UART3-RX,,,,,PA-EINT12
PC0,I/O,SDC0-D1,R-JTAG0-TMS,UART3-CTS,PWM0-0,TWI2-SCK,,,,,PC-EINT0
PC1,I/O,SDC0-D0,R-JTAG1-TMS,UART3-RTS,PWM0-1,TWI2-SDA,,,,,PC-EINT1
PC2,I/O,SDC0-CLK,UART0-TX,UART3-TX,PWM0-2,TWI1-SCK,,,,,PC-EINT2
PC3,I/O,SDC0-CMD,R-JTAG1-TCK,UART3-RX,PWM0-3,TWI1-SDA,,,,,PC-EINT3
PC4,I/O,SDC0-D3,UART0-RX,UART2-TX,PWM0-4,TWI0-SCK,,,,,PC-EINT4
PC5,I/O,SDC0-D2,R-JTAG0-TCK,UART2-RX,PWM0-5,TWI0-SDA,,,,,PC-EINT5
PC6,I/O,SPIF-WP,SPI0-WP,PWM0-6,TWI2-SCK,FEM-CTRL0,SDC0-CLK,,,,PC-EINT6
PC7,I/O,SPIF-HOLD,SPI0-HOLD,PWM0-7,TWI2-SDA,FEM-CTRL1,SDC0-CMD,CSI-SM-VS,,,PC-EINT7
PC8,I/O,SPIF-MOSI,SPI0-MOSI,BOOT-SEL0,PWM0-8,,SDC0-D0,,,,PC-EINT8
PC9,I/O,SPIF-CLK,SPI0-CLK,TWI2-SCK,PWM0-9,,SDC0-D1,,,,PC-EINT9
PC10,I/O,SPIF-CS0,SPI0-CS0,TWI2-SDA,TWI0-SCK,PWM0-10,SDC0-D2,,,,PC-EINT10
PC11,I/O,SPIF-MISO,SPI0-MISO,BOOT-SEL1,TWI0-SDA,PWM0-11,SDC0-D3,,,,PC-EINT11
PC15,I/O,,PWM0-11,PWM0-9,,,,,,,PC-EINT15
FEL/PC16,I/O,,,PWM0-10,,,CSI-SM-VS,SDC0-RST,,,PC-EINT16
PD1,I/O,,NCSI-PCLK,RMII-RXD1,PWM0-0,SDC1-D1,TWI0-SCK,SPI1-CS0/DBI-CSX,SPI2-CS0,,PD-EINT1
PD2,I/O,,NCSI-MCLK,RMII-TXCK,PWM0-1,SDC1-D0,TWI0-SDA,SPI1-CLK/DBI-SCLK,SPI2-CLK,,PD-EINT2
PD3,I/O,,NCSI-HSYNC,RMII-CRS-DV,PWM0-2,SDC1-CLK,TWI1-SCK,SPI1-MOSI/DBI-SDO,SPI2-MOSI,,PD-EINT3
PD4,I/O,,NCSI-VSYNC,RMII-RXD0,PWM0-3,SDC1-CMD,TWI1-SDA,SPI1-MISO/DBI-SDI/DBI-TE/DBI-DCX,SPI2-MISO,,PD-EINT4
PD5,I/O,,NCSI-D0,RMII-TXD0,PWM0-4,SDC1-D3,SPI1-CLK,SPI1-HOLD/DBI-DCX/DBI-WRX,SPI2-HOLD,,PD-EINT5
PD6,I/O,,NCSI-D1,RMII-TXD1,PWM0-5,SDC1-D2,SPI1-MOSI,SPI1-WP/DBI-TE,SPI2-WP,,PD-EINT6
PD7,I/O,,NCSI-D2,RMII-TXEN,PWM0-6,UART1-CTS,SPI1-MISO,R-JTAG1-TCK,I2S0-DOUT0,I2S0-DIN0,PD-EINT7
PD8,I/O,,NCSI-D3,RMII-RXER,PWM0-7,UART1-RTS,SPI1-CS0,R-JTAG1-TMS,I2S0-DOUT1,I2S0-DIN1,PD-EINT8
PD9,I/O,,NCSI-D4,RMII-MDC,PWM0-8,UART1-TX,TWI2-SCK,,I2S0-DOUT2,I2S0-DIN2,PD-EINT9
PD10,I/O,,NCSI-D5,RMII-MDIO,PWM0-9,UART1-RX,TWI2-SDA,,I2S0-DOUT3,I2S0-DIN3,PD-EINT10
PD11,I/O,,NCSI-D6,RMII-EPHY-25M,PWM0-10,I2S0-MCLK,PWM0-0,,,,PD-EINT11
PD12,I/O,,NCSI-D7,PWM0-2,SPI1-CLK,I2S0-BCLK,CLK-FANOUT0,,,,PD-EINT12
PD13,I/O,,NCSI-D8,PWM0-3,SPI1-MOSI,I2S0-LRCK,TWI1-SCK,,,,PD-EINT13
PD14,I/O,,NCSI-D9,PWM0-4,SPI1-MISO,I2S0-DIN0,TWI1-SDA,SPI1-CS0/DBI-CSX,SPI2-CS0,,PD-EINT14
PD15,I/O,,NCSI-D10,PWM0-5,SPI1-CS0,I2S0-DOUT0,TWI2-SCK,SPI1-CLK/DBI-SCLK,SPI2-CLK,,PD-EINT15
PD16,I/O,,NCSI-D11,PWM0-6,SPI1-CS1,CSI-SM-VS,TWI2-SDA,SPI1-MOSI/DBI-SDO,SPI2-MOSI,,PD-EINT16
PD17,I/O,,,PWM0-7,PWM0-11,SDC1-CLK,FEM-CTRL0,SPI1-MISO/DBI-SDI/DBI-TE/DBI-DCX,SPI2-MISO,,PD-EINT17
PD18,I/O,,,PWM0-8,TWI1-SCK,SDC1-CMD,FEM-CTRL1,SPI1-HOLD/DBI-DCX/DBI-WRX,SPI2-HOLD,,PD-EINT18
PD19,I/O,,,PWM0-9,TWI1-SDA,SDC1-D0,,SPI1-WP/DBI-TE,SPI2-WP,,PD-EINT19
PD22,I/O,,UART0-TX,R-JTAG0-TCK,PWM0-10,SDC1-D3,FEM-CTRL0,TWI2-SCK,,,PD-EINT22
PD23,I/O,,UART0-RX,R-JTAG0-TMS,PWM0-11,SDC1-D2,FEM-CTRL1,TWI2-SDA,,,PD-EINT23
PMC-EN0/PL0,I/O,TWI1-SCK,,,,,,,,,PL-EINT0
PMC-EN1/PL1,I/O,TWI1-SDA,,,,,,,,,PL-EINT1
PMC-EN2/PL2,I/O,TWI2-SCK,UART3-TX,UART2-CTS,,,,,,,PL-EINT2
PL3,I/O,TWI2-SDA,UART3-RX,UART2-RTS,,,,,,,PL-EINT3
X32KIN/PL4,I/O,TWI0-SCK,UART0-TX,UART2-TX,,,,,,,PL-EINT4
X32KOUT/PL5,I/O,TWI0-SDA,UART0-RX,UART2-RX,,,,,,,PL-EINT5
TEST/PL6,I/O,CSI-SM-VS,,,,,,,,,PL-EINT6
PL7,I/O,,,,,,,,,,PL-EINT7
